{"stats":{"minecraft:custom":{"minecraft:mob_kills":376,"minecraft:interact_with_crafting_table":2,"minecraft:eat_cake_slice":634,"minecraft:leave_game":247,"minecraft:time_since_death":13440,"minecraft:sprint_one_cm":1153334,"minecraft:walk_one_cm":927405,"minecraft:drop":335,"minecraft:talked_to_villager":64,"minecraft:play_time":3465810,"minecraft:deaths":814,"minecraft:sneak_time":35955,"minecraft:walk_under_water_one_cm":91470,"minecraft:boat_one_cm":9270,"minecraft:jump":8361,"minecraft:walk_on_water_one_cm":49499,"minecraft:total_world_time":3465810,"minecraft:sleep_in_bed":5,"minecraft:time_since_rest":13441,"minecraft:damage_taken":1852105,"minecraft:damage_absorbed":227,"minecraft:minecart_one_cm":2953,"minecraft:damage_dealt":24563,"minecraft:swim_one_cm":106570,"minecraft:fly_one_cm":6934062,"minecraft:player_kills":226,"minecraft:open_chest":32,"minecraft:crouch_one_cm":50376,"minecraft:fall_one_cm":4164210},"minecraft:picked_up":{"minecraft:wooden_axe":2,"minecraft:fishing_rod":3,"minecraft:mud":12,"minecraft:coarse_dirt":13,"minecraft:leather_leggings":24,"minecraft:golden_pickaxe":1,"minecraft:lead":71,"minecraft:shield":7,"minecraft:red_bed":29,"minecraft:raw_copper":25,"minecraft:wooden_sword":12,"minecraft:oak_hanging_sign":3,"minecraft:white_stained_glass":1,"minecraft:armor_stand":83,"minecraft:netherite_ingot":4,"minecraft:cherry_boat":1,"minecraft:zoglin_spawn_egg":64,"minecraft:cracked_stone_bricks":5,"minecraft:smooth_stone":8,"minecraft:beef":2,"minecraft:player_head":1,"minecraft:poppy":5,"minecraft:iron_pickaxe":17,"minecraft:phantom_membrane":1,"minecraft:diamond_hoe":8,"minecraft:iron_boots":3,"minecraft:egg":1,"minecraft:golden_helmet":5,"minecraft:porkchop":17,"minecraft:music_disc_pigstep":1,"minecraft:trident":3,"minecraft:redstone":3,"minecraft:golden_chestplate":4,"minecraft:tnt":101,"minecraft:cactus":1,"minecraft:arrow":516,"minecraft:rotten_flesh":15,"minecraft:golden_hoe":6,"minecraft:yellow_terracotta":3,"minecraft:white_terracotta":2,"minecraft:mutton":5,"minecraft:snowball":64,"minecraft:white_wool":3,"minecraft:cobblestone":786,"minecraft:leather_chestplate":30,"minecraft:andesite":4,"minecraft:leather":4,"minecraft:packed_mud":3,"minecraft:flint":2,"minecraft:golden_boots":7,"minecraft:wooden_hoe":6,"minecraft:dirt":179,"minecraft:blue_bed":2,"minecraft:paper":14,"minecraft:lantern":1,"minecraft:orange_terracotta":1,"minecraft:leather_boots":23,"minecraft:bone":6,"minecraft:stone_bricks":5,"minecraft:bow":87,"minecraft:gray_terracotta":1,"minecraft:wheat_seeds":7,"minecraft:iron_ingot":6,"minecraft:glowstone_dust":4,"minecraft:iron_sword":98,"minecraft:stone_hoe":8,"minecraft:light_gray_stained_glass":1,"minecraft:gravel":58,"minecraft:sand":26,"minecraft:stripped_spruce_log":2,"minecraft:grass_block":2,"minecraft:red_terracotta":2,"minecraft:leather_helmet":28,"minecraft:iron_hoe":8,"minecraft:light_gray_terracotta":5,"minecraft:slime_ball":155,"minecraft:slime_block":239,"minecraft:terracotta":3,"minecraft:netherite_hoe":8,"minecraft:coal":32,"minecraft:ender_pearl":5},"minecraft:killed_by":{"minecraft:player":160,"minecraft:piglin_brute":2,"minecraft:bee":1,"minecraft:hoglin":1,"minecraft:skeleton":1,"minecraft:blaze":1},"minecraft:dropped":{"minecraft:iron_sword":4,"minecraft:wheat_seeds":5,"minecraft:golden_pickaxe":4,"minecraft:lantern":1,"minecraft:grass_block":2,"minecraft:leather_helmet":39,"minecraft:red_bed":9,"minecraft:wooden_hoe":1,"minecraft:wooden_axe":3,"minecraft:snowball":112,"minecraft:wooden_sword":7,"minecraft:golden_hoe":1,"minecraft:sand":1,"minecraft:iron_pickaxe":35,"minecraft:smooth_stone":2,"minecraft:cactus":64,"minecraft:iron_shovel":1,"minecraft:paper":34,"minecraft:fishing_rod":1,"minecraft:armor_stand":20,"minecraft:cherry_boat":1,"minecraft:netherite_hoe":1,"minecraft:player_head":1,"minecraft:netherite_ingot":4,"minecraft:golden_chestplate":1,"minecraft:diamond_hoe":1,"minecraft:obsidian":1,"minecraft:rotten_flesh":3,"minecraft:iron_hoe":1,"minecraft:glowstone_dust":4,"minecraft:golden_shovel":1,"minecraft:filled_map":1,"minecraft:leather_chestplate":42,"minecraft:stone":1,"minecraft:cake":2,"minecraft:leather_boots":39,"minecraft:leather_leggings":39,"minecraft:slime_ball":149,"minecraft:bow":4,"minecraft:arrow":7,"minecraft:written_book":1,"minecraft:white_stained_glass":3,"minecraft:stone_hoe":1},"minecraft:crafted":{"minecraft:diamond_sword":1,"minecraft:stick":1,"minecraft:elytra":1},"minecraft:killed":{"minecraft:spider":10,"minecraft:slime":2,"minecraft:phantom":1,"minecraft:skeleton":46,"minecraft:bee":1,"minecraft:chicken":7,"minecraft:piglin_brute":2,"minecraft:pig":6,"minecraft:bat":79,"minecraft:hoglin":2,"minecraft:creeper":56,"minecraft:squid":8,"minecraft:sheep":3,"minecraft:zombie":33,"minecraft:glow_squid":41,"minecraft:enderman":44,"minecraft:cow":6},"minecraft:mined":{"minecraft:yellow_terracotta":4,"minecraft:black_terracotta":4,"minecraft:grass_block":1,"minecraft:white_stained_glass":7,"minecraft:redstone_wire":1,"minecraft:glowstone":11,"minecraft:packed_mud":3,"minecraft:fire":18,"minecraft:suspicious_sand":21,"minecraft:sculk_shrieker":1,"minecraft:stone":4,"minecraft:oak_hanging_sign":3,"minecraft:player_head":1,"minecraft:cake":6,"minecraft:gray_terracotta":5,"minecraft:acacia_leaves":7,"minecraft:red_bed":50,"minecraft:orange_terracotta":5,"minecraft:light_gray_terracotta":6,"minecraft:poppy":1,"minecraft:glass":1,"minecraft:tall_grass":15,"minecraft:slime_block":181,"minecraft:lily_pad":1,"minecraft:blue_bed":2,"minecraft:pink_petals":1,"minecraft:white_terracotta":3,"minecraft:red_terracotta":6,"minecraft:coarse_dirt":14,"minecraft:mud":13,"minecraft:light_gray_stained_glass":11,"minecraft:tnt":310,"minecraft:grass":49,"minecraft:gravel":33,"minecraft:sand":25,"minecraft:dirt":27,"minecraft:terracotta":2,"minecraft:suspicious_gravel":18},"minecraft:used":{"minecraft:cherry_boat":1,"minecraft:oak_fence":3,"minecraft:trident":4,"minecraft:netherite_sword":12,"minecraft:acacia_log":1,"minecraft:iron_bars":24,"minecraft:light_gray_dye":2,"minecraft:iron_shovel":145,"minecraft:armor_stand":25,"minecraft:spruce_slab":71,"minecraft:redstone":6,"minecraft:poppy":1,"minecraft:diamond_hoe":3,"minecraft:suspicious_sand":2,"minecraft:oak_sign":9,"minecraft:chest":5,"minecraft:spruce_planks":65,"minecraft:iron_sword":175,"minecraft:stone":125,"minecraft:wither_skeleton_spawn_egg":14,"minecraft:grass":1,"minecraft:player_head":24,"minecraft:spruce_leaves":2,"minecraft:dirt":26,"minecraft:mutton":2,"minecraft:blue_stained_glass":1,"minecraft:acacia_sapling":2,"minecraft:golden_chestplate":1,"minecraft:spruce_fence":2,"minecraft:stripped_spruce_log":33,"minecraft:iron_hoe":7,"minecraft:gray_dye":2,"minecraft:light_gray_stained_glass":42,"minecraft:coal_ore":6,"minecraft:lantern":75,"minecraft:iron_block":175,"minecraft:grass_block":277,"minecraft:oak_stairs":2,"minecraft:slime_block":117,"minecraft:green_wool":41,"minecraft:netherite_hoe":2,"minecraft:stone_bricks":57,"minecraft:bow":343,"minecraft:beef":2,"minecraft:written_book":2,"minecraft:black_dye":1,"minecraft:gold_block":23,"minecraft:egg":1,"minecraft:stripped_spruce_wood":6,"minecraft:zoglin_spawn_egg":24,"minecraft:golden_boots":1,"minecraft:water_bucket":96,"minecraft:leather_leggings":17,"minecraft:iron_ore":19,"minecraft:cactus":50,"minecraft:ender_pearl":8,"minecraft:leather_chestplate":20,"minecraft:sugar_cane":22,"minecraft:leather_boots":14,"minecraft:blue_bed":4,"minecraft:cracked_stone_bricks":28,"minecraft:yellow_terracotta":2,"minecraft:sand":17,"minecraft:terracotta":3,"minecraft:lime_bed":2,"minecraft:tnt":37,"minecraft:crafting_table":2,"minecraft:red_bed":11,"minecraft:light_gray_terracotta":3,"minecraft:cake":58,"minecraft:hoglin_spawn_egg":1,"minecraft:wooden_hoe":11,"minecraft:daylight_detector":2,"minecraft:map":1,"minecraft:iron_pickaxe":9,"minecraft:leather_helmet":18,"minecraft:spruce_sapling":10,"minecraft:gravel":9,"minecraft:fishing_rod":79,"minecraft:wooden_sword":122,"minecraft:cobblestone":49,"minecraft:white_stained_glass":272,"minecraft:andesite":21,"minecraft:smooth_stone_slab":23,"minecraft:yellow_bed":2,"minecraft:end_portal_frame":3,"minecraft:brush":9,"minecraft:coarse_dirt":3,"minecraft:oak_hanging_sign":21,"minecraft:bone_meal":64,"minecraft:smooth_stone":49,"minecraft:golden_pickaxe":56,"minecraft:cobweb":19}},"DataVersion":3465}